Show Title,Directors,Stars
Bridgerton,Chris Van Dusen,"Phoebe Dynevor, Regé-Jean Page, Jonathan Bailey"
Cobra Kai,Hayden Schlossberg,"Ralph Macchio, William Zabka, Xolo Maridueña"
Night Stalker,Tiller Russell,"Richard Ramirez (subject), Gil Carrillo, Frank Salerno"
Outside the Wire,Mikael Håfström,"Anthony Mackie, Damson Idris, Enzo Cilenti"
Fate: The Winx Saga,Lisa James Larsson,"Abigail Cowen, Hannah van der Westhuysen, Precious Mustapha"
Below Zero,Lluis Quílez,"Javier Gutiérrez, Karra Elejalde, Luis Callejo"
Firefly Lane,Peter O'Fallon,"Katherine Heigl, Sarah Chalke, Ben Lawson"
Crime Scene: The Vanishing,Joe Berlinger,"Frank Cifarelli, Amy Price, retired LAPD officer Tom Lange"
To All the Boys: Always and…,Michael Fimognari,"Lana Condor, Noah Centineo, Janel Parrish"
Good Girls,Dean Parisot,"Christina Hendricks, Retta, Mae Whitman"
Behind Her Eyes,Erik Richter Strand,"Simona Brown, Tom Bateman, Eve Hewson"
I Care a Lot,J Blakeson,"Rosamund Pike, Peter Dinklage, Eiza González"
Ginny & Georgia,Anya Adams,"Brianne Howey, Antonia Gentry, Diesel La Torraca"
Yes Day,Miguel Arteta,"Jennifer Garner, Édgar Ramírez, Jenna Ortega"
Deadly Illusions,Anna Elizabeth James,"Kristin Davis, Dermot Mulroney, Greer Grammer"